name,member,plate,weld,bolt_group,a
FEP1,O 1200WB455 (GR300),200mm 10mm Plate GR250,6mm CFW SP E48XX,9x2 (70px140g) 35 M20 8.8/S (TI),100
FEP2,O 1200WB423 (GR300),200mm 10mm Plate GR250,6mm CFW SP E48XX,9x2 (70px140g) 35 M20 8.8/S (TI),100
FEP3,O 1200WB392 (GR300),200mm 10mm Plate GR250,6mm CFW SP E48XX,9x2 (70px140g) 35 M20 8.8/S (TI),100
FEP4,O 1200WB342 (GR300),200mm 10mm Plate GR250,6mm CFW SP E48XX,9x2 (70px140g) 35 M20 8.8/S (TI),100
FEP5,O 1200WB317 (GR300),200mm 10mm Plate GR250,6mm CFW SP E48XX,9x2 (70px140g) 35 M20 8.8/S (TI),100
FEP6,O 1200WB278 (GR300),200mm 10mm Plate GR250,6mm CFW SP E48XX,9x2 (70px140g) 35 M20 8.8/S (TI),100
FEP7,O 1200WB249 (GR300),200mm 10mm Plate GR250,6mm CFW SP E48XX,9x2 (70px140g) 35 M20 8.8/S (TI),100
FEP8,O 1000WB322 (GR300),200mm 10mm Plate GR250,6mm CFW SP E48XX,9x2 (70px140g) 35 M20 8.8/S (TI),100
FEP9,O 1000WB296 (GR300),200mm 10mm Plate GR250,6mm CFW SP E48XX,9x2 (70px140g) 35 M20 8.8/S (TI),100
FEP10,O 1000WB258 (GR300),200mm 10mm Plate GR250,6mm CFW SP E48XX,9x2 (70px140g) 35 M20 8.8/S (TI),100
FEP11,O 1000WB215 (GR300),200mm 10mm Plate GR250,6mm CFW SP E48XX,9x2 (70px140g) 35 M20 8.8/S (TI),100
FEP12,O 900WB282 (GR300),200mm 10mm Plate GR250,6mm CFW SP E48XX,9x2 (70px140g) 35 M20 8.8/S (TI),100
FEP13,O 900WB257 (GR300),200mm 10mm Plate GR250,6mm CFW SP E48XX,9x2 (70px140g) 35 M20 8.8/S (TI),100
FEP14,O 900WB218 (GR300),200mm 10mm Plate GR250,6mm CFW SP E48XX,9x2 (70px140g) 35 M20 8.8/S (TI),100
FEP15,O 900WB175 (GR300),200mm 10mm Plate GR250,6mm CFW SP E48XX,9x2 (70px140g) 35 M20 8.8/S (TI),100
FEP16,O 800WB192 (GR300),200mm 10mm Plate GR250,6mm CFW SP E48XX,9x2 (70px140g) 35 M20 8.8/S (TI),100
FEP17,O 800WB168 (GR300),200mm 10mm Plate GR250,6mm CFW SP E48XX,9x2 (70px140g) 35 M20 8.8/S (TI),100
FEP18,O 800WB146 (GR300),200mm 10mm Plate GR250,6mm CFW SP E48XX,9x2 (70px140g) 35 M20 8.8/S (TI),100
FEP19,O 800WB122 (GR300),200mm 10mm Plate GR250,6mm CFW SP E48XX,9x2 (70px140g) 35 M20 8.8/S (TI),100
FEP20,O 1200WB455 (GR300),200mm 10mm Plate GR250,6mm CFW SP E48XX,8x2 (70px140g) 35 M20 8.8/S (TI),100
FEP21,O 1200WB423 (GR300),200mm 10mm Plate GR250,6mm CFW SP E48XX,8x2 (70px140g) 35 M20 8.8/S (TI),100
FEP22,O 1200WB392 (GR300),200mm 10mm Plate GR250,6mm CFW SP E48XX,8x2 (70px140g) 35 M20 8.8/S (TI),100
FEP23,O 1200WB342 (GR300),200mm 10mm Plate GR250,6mm CFW SP E48XX,8x2 (70px140g) 35 M20 8.8/S (TI),100
FEP24,O 1200WB317 (GR300),200mm 10mm Plate GR250,6mm CFW SP E48XX,8x2 (70px140g) 35 M20 8.8/S (TI),100
FEP25,O 1200WB278 (GR300),200mm 10mm Plate GR250,6mm CFW SP E48XX,8x2 (70px140g) 35 M20 8.8/S (TI),100
FEP26,O 1200WB249 (GR300),200mm 10mm Plate GR250,6mm CFW SP E48XX,8x2 (70px140g) 35 M20 8.8/S (TI),100
FEP27,O 1000WB322 (GR300),200mm 10mm Plate GR250,6mm CFW SP E48XX,8x2 (70px140g) 35 M20 8.8/S (TI),100
FEP28,O 1000WB296 (GR300),200mm 10mm Plate GR250,6mm CFW SP E48XX,8x2 (70px140g) 35 M20 8.8/S (TI),100
FEP29,O 1000WB258 (GR300),200mm 10mm Plate GR250,6mm CFW SP E48XX,8x2 (70px140g) 35 M20 8.8/S (TI),100
FEP30,O 1000WB215 (GR300),200mm 10mm Plate GR250,6mm CFW SP E48XX,8x2 (70px140g) 35 M20 8.8/S (TI),100
FEP31,O 900WB282 (GR300),200mm 10mm Plate GR250,6mm CFW SP E48XX,8x2 (70px140g) 35 M20 8.8/S (TI),100
FEP32,O 900WB257 (GR300),200mm 10mm Plate GR250,6mm CFW SP E48XX,8x2 (70px140g) 35 M20 8.8/S (TI),100
FEP33,O 900WB218 (GR300),200mm 10mm Plate GR250,6mm CFW SP E48XX,8x2 (70px140g) 35 M20 8.8/S (TI),100
FEP34,O 900WB175 (GR300),200mm 10mm Plate GR250,6mm CFW SP E48XX,8x2 (70px140g) 35 M20 8.8/S (TI),100
FEP35,O 800WB192 (GR300),200mm 10mm Plate GR250,6mm CFW SP E48XX,8x2 (70px140g) 35 M20 8.8/S (TI),100
FEP36,O 800WB168 (GR300),200mm 10mm Plate GR250,6mm CFW SP E48XX,8x2 (70px140g) 35 M20 8.8/S (TI),100
FEP37,O 800WB146 (GR300),200mm 10mm Plate GR250,6mm CFW SP E48XX,8x2 (70px140g) 35 M20 8.8/S (TI),100
FEP38,O 800WB122 (GR300),200mm 10mm Plate GR250,6mm CFW SP E48XX,8x2 (70px140g) 35 M20 8.8/S (TI),100
FEP39,O 700WB173 (GR300),200mm 10mm Plate GR250,6mm CFW SP E48XX,8x2 (70px140g) 35 M20 8.8/S (TI),100
FEP40,O 700WB150 (GR300),200mm 10mm Plate GR250,6mm CFW SP E48XX,8x2 (70px140g) 35 M20 8.8/S (TI),100
FEP41,O 700WB130 (GR300),200mm 10mm Plate GR250,6mm CFW SP E48XX,8x2 (70px140g) 35 M20 8.8/S (TI),100
FEP42,O 700WB115 (GR300),200mm 10mm Plate GR250,6mm CFW SP E48XX,8x2 (70px140g) 35 M20 8.8/S (TI),100
FEP43,O 1000WB322 (GR300),200mm 10mm Plate GR250,6mm CFW SP E48XX,7x2 (70px140g) 35 M20 8.8/S (TI),100
FEP44,O 1000WB296 (GR300),200mm 10mm Plate GR250,6mm CFW SP E48XX,7x2 (70px140g) 35 M20 8.8/S (TI),100
FEP45,O 1000WB258 (GR300),200mm 10mm Plate GR250,6mm CFW SP E48XX,7x2 (70px140g) 35 M20 8.8/S (TI),100
FEP46,O 1000WB215 (GR300),200mm 10mm Plate GR250,6mm CFW SP E48XX,7x2 (70px140g) 35 M20 8.8/S (TI),100
FEP47,O 900WB282 (GR300),200mm 10mm Plate GR250,6mm CFW SP E48XX,7x2 (70px140g) 35 M20 8.8/S (TI),100
FEP48,O 900WB257 (GR300),200mm 10mm Plate GR250,6mm CFW SP E48XX,7x2 (70px140g) 35 M20 8.8/S (TI),100
FEP49,O 900WB218 (GR300),200mm 10mm Plate GR250,6mm CFW SP E48XX,7x2 (70px140g) 35 M20 8.8/S (TI),100
FEP50,O 900WB175 (GR300),200mm 10mm Plate GR250,6mm CFW SP E48XX,7x2 (70px140g) 35 M20 8.8/S (TI),100
FEP51,O 800WB192 (GR300),200mm 10mm Plate GR250,6mm CFW SP E48XX,7x2 (70px140g) 35 M20 8.8/S (TI),100
FEP52,O 800WB168 (GR300),200mm 10mm Plate GR250,6mm CFW SP E48XX,7x2 (70px140g) 35 M20 8.8/S (TI),100
FEP53,O 800WB146 (GR300),200mm 10mm Plate GR250,6mm CFW SP E48XX,7x2 (70px140g) 35 M20 8.8/S (TI),100
FEP54,O 800WB122 (GR300),200mm 10mm Plate GR250,6mm CFW SP E48XX,7x2 (70px140g) 35 M20 8.8/S (TI),100
FEP55,O 700WB173 (GR300),200mm 10mm Plate GR250,6mm CFW SP E48XX,7x2 (70px140g) 35 M20 8.8/S (TI),100
FEP56,O 700WB150 (GR300),200mm 10mm Plate GR250,6mm CFW SP E48XX,7x2 (70px140g) 35 M20 8.8/S (TI),100
FEP57,O 700WB130 (GR300),200mm 10mm Plate GR250,6mm CFW SP E48XX,7x2 (70px140g) 35 M20 8.8/S (TI),100
FEP58,O 700WB115 (GR300),200mm 10mm Plate GR250,6mm CFW SP E48XX,7x2 (70px140g) 35 M20 8.8/S (TI),100
FEP59,O 610UB125 (GR300),200mm 10mm Plate GR250,6mm CFW SP E48XX,7x2 (70px140g) 35 M20 8.8/S (TI),100
FEP60,O 610UB113 (GR300),200mm 10mm Plate GR250,6mm CFW SP E48XX,7x2 (70px140g) 35 M20 8.8/S (TI),100
FEP61,O 610UB101 (GR300),200mm 10mm Plate GR250,6mm CFW SP E48XX,7x2 (70px140g) 35 M20 8.8/S (TI),100
FEP62,O 800WB192 (GR300),200mm 10mm Plate GR250,6mm CFW SP E48XX,6x2 (70px140g) 35 M20 8.8/S (TI),100
FEP63,O 800WB168 (GR300),200mm 10mm Plate GR250,6mm CFW SP E48XX,6x2 (70px140g) 35 M20 8.8/S (TI),100
FEP64,O 800WB146 (GR300),200mm 10mm Plate GR250,6mm CFW SP E48XX,6x2 (70px140g) 35 M20 8.8/S (TI),100
FEP65,O 800WB122 (GR300),200mm 10mm Plate GR250,6mm CFW SP E48XX,6x2 (70px140g) 35 M20 8.8/S (TI),100
FEP66,O 700WB173 (GR300),200mm 10mm Plate GR250,6mm CFW SP E48XX,6x2 (70px140g) 35 M20 8.8/S (TI),100
FEP67,O 700WB150 (GR300),200mm 10mm Plate GR250,6mm CFW SP E48XX,6x2 (70px140g) 35 M20 8.8/S (TI),100
FEP68,O 700WB130 (GR300),200mm 10mm Plate GR250,6mm CFW SP E48XX,6x2 (70px140g) 35 M20 8.8/S (TI),100
FEP69,O 700WB115 (GR300),200mm 10mm Plate GR250,6mm CFW SP E48XX,6x2 (70px140g) 35 M20 8.8/S (TI),100
FEP70,O 610UB125 (GR300),200mm 10mm Plate GR250,6mm CFW SP E48XX,6x2 (70px140g) 35 M20 8.8/S (TI),100
FEP71,O 610UB113 (GR300),200mm 10mm Plate GR250,6mm CFW SP E48XX,6x2 (70px140g) 35 M20 8.8/S (TI),100
FEP72,O 610UB101 (GR300),200mm 10mm Plate GR250,6mm CFW SP E48XX,6x2 (70px140g) 35 M20 8.8/S (TI),100
FEP73,O 530UB92.4 (GR300),200mm 10mm Plate GR250,6mm CFW SP E48XX,6x2 (70px140g) 35 M20 8.8/S (TI),100
FEP74,O 530UB82.0 (GR300),200mm 10mm Plate GR250,6mm CFW SP E48XX,6x2 (70px140g) 35 M20 8.8/S (TI),100
FEP75,O 700WB173 (GR300),200mm 10mm Plate GR250,6mm CFW SP E48XX,5x2 (70px140g) 35 M20 8.8/S (TI),100
FEP76,O 700WB150 (GR300),200mm 10mm Plate GR250,6mm CFW SP E48XX,5x2 (70px140g) 35 M20 8.8/S (TI),100
FEP77,O 700WB130 (GR300),200mm 10mm Plate GR250,6mm CFW SP E48XX,5x2 (70px140g) 35 M20 8.8/S (TI),100
FEP78,O 700WB115 (GR300),200mm 10mm Plate GR250,6mm CFW SP E48XX,5x2 (70px140g) 35 M20 8.8/S (TI),100
FEP79,O 610UB125 (GR300),200mm 10mm Plate GR250,6mm CFW SP E48XX,5x2 (70px140g) 35 M20 8.8/S (TI),100
FEP80,O 610UB113 (GR300),200mm 10mm Plate GR250,6mm CFW SP E48XX,5x2 (70px140g) 35 M20 8.8/S (TI),100
FEP81,O 610UB101 (GR300),200mm 10mm Plate GR250,6mm CFW SP E48XX,5x2 (70px140g) 35 M20 8.8/S (TI),100
FEP82,O 530UB92.4 (GR300),200mm 10mm Plate GR250,6mm CFW SP E48XX,5x2 (70px140g) 35 M20 8.8/S (TI),100
FEP83,O 530UB82.0 (GR300),200mm 10mm Plate GR250,6mm CFW SP E48XX,5x2 (70px140g) 35 M20 8.8/S (TI),100
FEP84,O 460UB82.1 (GR300),150mm 10mm Plate GR250,6mm CFW SP E48XX,5x2 (70px90g) 35 M20 8.8/S (TI),100
FEP85,O 460UB74.6 (GR300),150mm 10mm Plate GR250,6mm CFW SP E48XX,5x2 (70px90g) 35 M20 8.8/S (TI),100
FEP86,O 460UB67.1 (GR300),150mm 10mm Plate GR250,6mm CFW SP E48XX,5x2 (70px90g) 35 M20 8.8/S (TI),100
FEP87,O 530UB92.4 (GR300),200mm 10mm Plate GR250,6mm CFW SP E48XX,4x2 (70px140g) 35 M20 8.8/S (TI),100
FEP88,O 530UB82.0 (GR300),200mm 10mm Plate GR250,6mm CFW SP E48XX,4x2 (70px140g) 35 M20 8.8/S (TI),100
FEP89,O 460UB82.1 (GR300),150mm 10mm Plate GR250,6mm CFW SP E48XX,4x2 (70px90g) 35 M20 8.8/S (TI),100
FEP90,O 460UB74.6 (GR300),150mm 10mm Plate GR250,6mm CFW SP E48XX,4x2 (70px90g) 35 M20 8.8/S (TI),100
FEP91,O 460UB67.1 (GR300),150mm 10mm Plate GR250,6mm CFW SP E48XX,4x2 (70px90g) 35 M20 8.8/S (TI),100
FEP92,O 410UB59.7 (GR300),150mm 10mm Plate GR250,6mm CFW SP E48XX,4x2 (70px90g) 35 M20 8.8/S (TI),100
FEP93,O 410UB53.7 (GR300),150mm 10mm Plate GR250,6mm CFW SP E48XX,4x2 (70px90g) 35 M20 8.8/S (TI),100
FEP94,O 380PFC (GR300),150mm 10mm Plate GR250,6mm CFW SP E48XX,4x2 (70px90g) 35 M20 8.8/S (TI),100
FEP95,O 410UB59.7 (GR300),150mm 10mm Plate GR250,6mm CFW SP E48XX,3x2 (70px90g) 35 M20 8.8/S (TI),100
FEP96,O 410UB53.7 (GR300),150mm 10mm Plate GR250,6mm CFW SP E48XX,3x2 (70px90g) 35 M20 8.8/S (TI),100
FEP97,O 380PFC (GR300),150mm 10mm Plate GR250,6mm CFW SP E48XX,3x2 (70px90g) 35 M20 8.8/S (TI),100
FEP98,O 360UB56.7 (GR300),150mm 10mm Plate GR250,6mm CFW SP E48XX,3x2 (70px90g) 35 M20 8.8/S (TI),100
FEP99,O 360UB50.7 (GR300),150mm 10mm Plate GR250,6mm CFW SP E48XX,3x2 (70px90g) 35 M20 8.8/S (TI),100
FEP100,O 360UB44.7 (GR300),150mm 10mm Plate GR250,6mm CFW SP E48XX,3x2 (70px90g)  35 M20 8.8/S (TI),100
FEP101,O 310UB46.2 (GR300),150mm 10mm Plate GR250,6mm CFW SP E48XX,3x2 (70px90g) 35 M20 8.8/S (TI),100
FEP102,O 310UB40.4 (GR300),150mm 10mm Plate GR250,6mm CFW SP E48XX,3x2 (70px90g) 35 M20 8.8/S (TI),100
FEP103,O 310UB32.0 (GR300),150mm 10mm Plate GR250,6mm CFW SP E48XX,3x2 (70px90g) 35 M20 8.8/S (TI),100
FEP104,O 300PFC (GR300),150mm 10mm Plate GR250,6mm CFW SP E48XX,3x2 (70px90g) 35 M20 8.8/S (TI),100
FEP105,O 310UC158 (GR300),150mm 10mm Plate GR250,6mm CFW SP E48XX,3x2 (70px90g) 35 M20 8.8/S (TI),100
FEP106,O 310UC137 (GR300),150mm 10mm Plate GR250,6mm CFW SP E48XX,3x2 (70px90g) 35 M20 8.8/S (TI),100
FEP107,O 310UC118 (GR300),150mm 10mm Plate GR250,6mm CFW SP E48XX,3x2 (70px90g) 35 M20 8.8/S (TI),100
FEP108,O 310UC96.8 (GR300),150mm 10mm Plate GR250,6mm CFW SP E48XX,3x2 (70px90g) 35 M20 8.8/S (TI),100
FEP109,O 250UB37.3 (GR300),150mm 10mm Plate GR250,6mm CFW SP E48XX,2x2 (70px90g) 35 M20 8.8/S (TI),100
FEP110,O 250UB31.4 (GR300),150mm 10mm Plate GR250,6mm CFW SP E48XX,2x2 (70px90g) 35 M20 8.8/S (TI),100
FEP111,O 250UB25.7 (GR300),150mm 10mm Plate GR250,6mm CFW SP E48XX,2x2 (70px90g) 35 M20 8.8/S (TI),100
FEP112,O 250PFC (GR300),150mm 10mm Plate GR250,6mm CFW SP E48XX,2x2 (70px90g) 35 M20 8.8/S (TI),100
FEP113,O 250UC89.5 (GR300),150mm 10mm Plate GR250,6mm CFW SP E48XX,2x2 (70px90g) 35 M20 8.8/S (TI),100
FEP114,O 250UC72.9 (GR300),150mm 10mm Plate GR250,6mm CFW SP E48XX,2x2 (70px90g) 35 M20 8.8/S (TI),100
FEP115,O 200UB29.8 (GR300),150mm 10mm Plate GR250,6mm CFW SP E48XX,2x2 (70px90g) 35 M20 8.8/S (TI),70
FEP116,O 200UB25.4 (GR300),150mm 10mm Plate GR250,6mm CFW SP E48XX,2x2 (70px90g) 35 M20 8.8/S (TI),70
FEP117,O 200UB22.3 (GR300),150mm 10mm Plate GR250,6mm CFW SP E48XX,2x2 (70px90g) 35 M20 8.8/S (TI),70
FEP118,O 200UB18.2 (GR300),150mm 10mm Plate GR250,6mm CFW SP E48XX,2x2 (70px90g) 35 M20 8.8/S (TI),70
FEP119,O 230PFC (GR300),150mm 10mm Plate GR250,6mm CFW SP E48XX,2x2 (70px90g) 35 M20 8.8/S (TI),70
FEP120,O 200PFC (GR300),150mm 10mm Plate GR250,6mm CFW SP E48XX,2x2 (70px90g) 35 M20 8.8/S (TI),70
FEP121,O 200UC59.5 (GR300),150mm 10mm Plate GR250,6mm CFW SP E48XX,2x2 (70px90g) 35 M20 8.8/S (TI),70
FEP122,O 200UC52.2 (GR300),150mm 10mm Plate GR250,6mm CFW SP E48XX,2x2 (70px90g) 35 M20 8.8/S (TI),70
FEP123,O 200UC46.2 (GR300),150mm 10mm Plate GR250,6mm CFW SP E48XX,2x2 (70px90g) 35 M20 8.8/S (TI),70
FEP124,SWC 1200WB455 (GR300),200mm 10mm Plate GR250,6mm CFW SP E48XX,9x2 (70px140g) 35 M20 8.8/S (TI),100
FEP125,SWC 1200WB423 (GR300),200mm 10mm Plate GR250,6mm CFW SP E48XX,9x2 (70px140g) 35 M20 8.8/S (TI),100
FEP126,SWC 1200WB392 (GR300),200mm 10mm Plate GR250,6mm CFW SP E48XX,9x2 (70px140g) 35 M20 8.8/S (TI),100
FEP127,SWC 1200WB342 (GR300),200mm 10mm Plate GR250,6mm CFW SP E48XX,9x2 (70px140g) 35 M20 8.8/S (TI),100
FEP128,SWC 1200WB317 (GR300),200mm 10mm Plate GR250,6mm CFW SP E48XX,9x2 (70px140g) 35 M20 8.8/S (TI),100
FEP129,SWC 1200WB278 (GR300),200mm 10mm Plate GR250,6mm CFW SP E48XX,9x2 (70px140g) 35 M20 8.8/S (TI),100
FEP130,SWC 1200WB249 (GR300),200mm 10mm Plate GR250,6mm CFW SP E48XX,9x2 (70px140g) 35 M20 8.8/S (TI),100
FEP131,SWC 1000WB322 (GR300),200mm 10mm Plate GR250,6mm CFW SP E48XX,9x2 (70px140g) 35 M20 8.8/S (TI),100
FEP132,SWC 1000WB296 (GR300),200mm 10mm Plate GR250,6mm CFW SP E48XX,9x2 (70px140g) 35 M20 8.8/S (TI),100
FEP133,SWC 1000WB258 (GR300),200mm 10mm Plate GR250,6mm CFW SP E48XX,9x2 (70px140g) 35 M20 8.8/S (TI),100
FEP134,SWC 1000WB215 (GR300),200mm 10mm Plate GR250,6mm CFW SP E48XX,9x2 (70px140g) 35 M20 8.8/S (TI),100
FEP135,SWC 900WB282 (GR300),200mm 10mm Plate GR250,6mm CFW SP E48XX,9x2 (70px140g) 35 M20 8.8/S (TI),100
FEP136,SWC 900WB257 (GR300),200mm 10mm Plate GR250,6mm CFW SP E48XX,9x2 (70px140g) 35 M20 8.8/S (TI),100
FEP137,SWC 900WB218 (GR300),200mm 10mm Plate GR250,6mm CFW SP E48XX,9x2 (70px140g) 35 M20 8.8/S (TI),100
FEP138,SWC 900WB175 (GR300),200mm 10mm Plate GR250,6mm CFW SP E48XX,9x2 (70px140g) 35 M20 8.8/S (TI),100
FEP139,SWC 800WB192 (GR300),200mm 10mm Plate GR250,6mm CFW SP E48XX,9x2 (70px140g) 35 M20 8.8/S (TI),100
FEP140,SWC 800WB168 (GR300),200mm 10mm Plate GR250,6mm CFW SP E48XX,9x2 (70px140g) 35 M20 8.8/S (TI),100
FEP141,SWC 800WB146 (GR300),200mm 10mm Plate GR250,6mm CFW SP E48XX,9x2 (70px140g) 35 M20 8.8/S (TI),100
FEP142,SWC 800WB122 (GR300),200mm 10mm Plate GR250,6mm CFW SP E48XX,9x2 (70px140g) 35 M20 8.8/S (TI),100
FEP143,SWC 1200WB455 (GR300),200mm 10mm Plate GR250,6mm CFW SP E48XX,8x2 (70px140g) 35 M20 8.8/S (TI),100
FEP144,SWC 1200WB423 (GR300),200mm 10mm Plate GR250,6mm CFW SP E48XX,8x2 (70px140g) 35 M20 8.8/S (TI),100
FEP145,SWC 1200WB392 (GR300),200mm 10mm Plate GR250,6mm CFW SP E48XX,8x2 (70px140g) 35 M20 8.8/S (TI),100
FEP146,SWC 1200WB342 (GR300),200mm 10mm Plate GR250,6mm CFW SP E48XX,8x2 (70px140g) 35 M20 8.8/S (TI),100
FEP147,SWC 1200WB317 (GR300),200mm 10mm Plate GR250,6mm CFW SP E48XX,8x2 (70px140g) 35 M20 8.8/S (TI),100
FEP148,SWC 1200WB278 (GR300),200mm 10mm Plate GR250,6mm CFW SP E48XX,8x2 (70px140g) 35 M20 8.8/S (TI),100
FEP149,SWC 1200WB249 (GR300),200mm 10mm Plate GR250,6mm CFW SP E48XX,8x2 (70px140g) 35 M20 8.8/S (TI),100
FEP150,SWC 1000WB322 (GR300),200mm 10mm Plate GR250,6mm CFW SP E48XX,8x2 (70px140g) 35 M20 8.8/S (TI),100
FEP151,SWC 1000WB296 (GR300),200mm 10mm Plate GR250,6mm CFW SP E48XX,8x2 (70px140g) 35 M20 8.8/S (TI),100
FEP152,SWC 1000WB258 (GR300),200mm 10mm Plate GR250,6mm CFW SP E48XX,8x2 (70px140g) 35 M20 8.8/S (TI),100
FEP153,SWC 1000WB215 (GR300),200mm 10mm Plate GR250,6mm CFW SP E48XX,8x2 (70px140g) 35 M20 8.8/S (TI),100
FEP154,SWC 900WB282 (GR300),200mm 10mm Plate GR250,6mm CFW SP E48XX,8x2 (70px140g) 35 M20 8.8/S (TI),100
FEP155,SWC 900WB257 (GR300),200mm 10mm Plate GR250,6mm CFW SP E48XX,8x2 (70px140g) 35 M20 8.8/S (TI),100
FEP156,SWC 900WB218 (GR300),200mm 10mm Plate GR250,6mm CFW SP E48XX,8x2 (70px140g) 35 M20 8.8/S (TI),100
FEP157,SWC 900WB175 (GR300),200mm 10mm Plate GR250,6mm CFW SP E48XX,8x2 (70px140g) 35 M20 8.8/S (TI),100
FEP158,SWC 800WB192 (GR300),200mm 10mm Plate GR250,6mm CFW SP E48XX,8x2 (70px140g) 35 M20 8.8/S (TI),100
FEP159,SWC 800WB168 (GR300),200mm 10mm Plate GR250,6mm CFW SP E48XX,8x2 (70px140g) 35 M20 8.8/S (TI),100
FEP160,SWC 800WB146 (GR300),200mm 10mm Plate GR250,6mm CFW SP E48XX,8x2 (70px140g) 35 M20 8.8/S (TI),100
FEP161,SWC 800WB122 (GR300),200mm 10mm Plate GR250,6mm CFW SP E48XX,8x2 (70px140g) 35 M20 8.8/S (TI),100
FEP162,SWC 700WB173 (GR300),200mm 10mm Plate GR250,6mm CFW SP E48XX,8x2 (70px140g) 35 M20 8.8/S (TI),100
FEP163,SWC 700WB150 (GR300),200mm 10mm Plate GR250,6mm CFW SP E48XX,8x2 (70px140g) 35 M20 8.8/S (TI),100
FEP164,SWC 700WB130 (GR300),200mm 10mm Plate GR250,6mm CFW SP E48XX,8x2 (70px140g) 35 M20 8.8/S (TI),100
FEP165,SWC 700WB115 (GR300),200mm 10mm Plate GR250,6mm CFW SP E48XX,8x2 (70px140g) 35 M20 8.8/S (TI),100
FEP166,SWC 1000WB322 (GR300),200mm 10mm Plate GR250,6mm CFW SP E48XX,7x2 (70px140g) 35 M20 8.8/S (TI),100
FEP167,SWC 1000WB296 (GR300),200mm 10mm Plate GR250,6mm CFW SP E48XX,7x2 (70px140g) 35 M20 8.8/S (TI),100
FEP168,SWC 1000WB258 (GR300),200mm 10mm Plate GR250,6mm CFW SP E48XX,7x2 (70px140g) 35 M20 8.8/S (TI),100
FEP169,SWC 1000WB215 (GR300),200mm 10mm Plate GR250,6mm CFW SP E48XX,7x2 (70px140g) 35 M20 8.8/S (TI),100
FEP170,SWC 900WB282 (GR300),200mm 10mm Plate GR250,6mm CFW SP E48XX,7x2 (70px140g) 35 M20 8.8/S (TI),100
FEP171,SWC 900WB257 (GR300),200mm 10mm Plate GR250,6mm CFW SP E48XX,7x2 (70px140g) 35 M20 8.8/S (TI),100
FEP172,SWC 900WB218 (GR300),200mm 10mm Plate GR250,6mm CFW SP E48XX,7x2 (70px140g) 35 M20 8.8/S (TI),100
FEP173,SWC 900WB175 (GR300),200mm 10mm Plate GR250,6mm CFW SP E48XX,7x2 (70px140g) 35 M20 8.8/S (TI),100
FEP174,SWC 800WB192 (GR300),200mm 10mm Plate GR250,6mm CFW SP E48XX,7x2 (70px140g) 35 M20 8.8/S (TI),100
FEP175,SWC 800WB168 (GR300),200mm 10mm Plate GR250,6mm CFW SP E48XX,7x2 (70px140g) 35 M20 8.8/S (TI),100
FEP176,SWC 800WB146 (GR300),200mm 10mm Plate GR250,6mm CFW SP E48XX,7x2 (70px140g) 35 M20 8.8/S (TI),100
FEP177,SWC 800WB122 (GR300),200mm 10mm Plate GR250,6mm CFW SP E48XX,7x2 (70px140g) 35 M20 8.8/S (TI),100
FEP178,SWC 700WB173 (GR300),200mm 10mm Plate GR250,6mm CFW SP E48XX,7x2 (70px140g) 35 M20 8.8/S (TI),100
FEP179,SWC 700WB150 (GR300),200mm 10mm Plate GR250,6mm CFW SP E48XX,7x2 (70px140g) 35 M20 8.8/S (TI),100
FEP180,SWC 700WB130 (GR300),200mm 10mm Plate GR250,6mm CFW SP E48XX,7x2 (70px140g) 35 M20 8.8/S (TI),100
FEP181,SWC 700WB115 (GR300),200mm 10mm Plate GR250,6mm CFW SP E48XX,7x2 (70px140g) 35 M20 8.8/S (TI),100
FEP182,SWC 610UB125 (GR300),200mm 10mm Plate GR250,6mm CFW SP E48XX,7x2 (70px140g) 35 M20 8.8/S (TI),100
FEP183,SWC 610UB113 (GR300),200mm 10mm Plate GR250,6mm CFW SP E48XX,7x2 (70px140g) 35 M20 8.8/S (TI),100
FEP184,SWC 610UB101 (GR300),200mm 10mm Plate GR250,6mm CFW SP E48XX,7x2 (70px140g) 35 M20 8.8/S (TI),100
FEP185,SWC 800WB192 (GR300),200mm 10mm Plate GR250,6mm CFW SP E48XX,6x2 (70px140g) 35 M20 8.8/S (TI),100
FEP186,SWC 800WB168 (GR300),200mm 10mm Plate GR250,6mm CFW SP E48XX,6x2 (70px140g) 35 M20 8.8/S (TI),100
FEP187,SWC 800WB146 (GR300),200mm 10mm Plate GR250,6mm CFW SP E48XX,6x2 (70px140g) 35 M20 8.8/S (TI),100
FEP188,SWC 800WB122 (GR300),200mm 10mm Plate GR250,6mm CFW SP E48XX,6x2 (70px140g) 35 M20 8.8/S (TI),100
FEP189,SWC 700WB173 (GR300),200mm 10mm Plate GR250,6mm CFW SP E48XX,6x2 (70px140g) 35 M20 8.8/S (TI),100
FEP190,SWC 700WB150 (GR300),200mm 10mm Plate GR250,6mm CFW SP E48XX,6x2 (70px140g) 35 M20 8.8/S (TI),100
FEP191,SWC 700WB130 (GR300),200mm 10mm Plate GR250,6mm CFW SP E48XX,6x2 (70px140g) 35 M20 8.8/S (TI),100
FEP192,SWC 700WB115 (GR300),200mm 10mm Plate GR250,6mm CFW SP E48XX,6x2 (70px140g) 35 M20 8.8/S (TI),100
FEP193,SWC 610UB125 (GR300),200mm 10mm Plate GR250,6mm CFW SP E48XX,6x2 (70px140g) 35 M20 8.8/S (TI),100
FEP194,SWC 610UB113 (GR300),200mm 10mm Plate GR250,6mm CFW SP E48XX,6x2 (70px140g) 35 M20 8.8/S (TI),100
FEP195,SWC 610UB101 (GR300),200mm 10mm Plate GR250,6mm CFW SP E48XX,6x2 (70px140g) 35 M20 8.8/S (TI),100
FEP196,SWC 530UB92.4 (GR300),200mm 10mm Plate GR250,6mm CFW SP E48XX,6x2 (70px140g) 35 M20 8.8/S (TI),100
FEP197,SWC 530UB82.0 (GR300),200mm 10mm Plate GR250,6mm CFW SP E48XX,6x2 (70px140g) 35 M20 8.8/S (TI),100
FEP198,SWC 700WB173 (GR300),200mm 10mm Plate GR250,6mm CFW SP E48XX,5x2 (70px140g) 35 M20 8.8/S (TI),100
FEP199,SWC 700WB150 (GR300),200mm 10mm Plate GR250,6mm CFW SP E48XX,5x2 (70px140g) 35 M20 8.8/S (TI),100
FEP200,SWC 700WB130 (GR300),200mm 10mm Plate GR250,6mm CFW SP E48XX,5x2 (70px140g) 35 M20 8.8/S (TI),100
FEP201,SWC 700WB115 (GR300),200mm 10mm Plate GR250,6mm CFW SP E48XX,5x2 (70px140g) 35 M20 8.8/S (TI),100
FEP202,SWC 610UB125 (GR300),200mm 10mm Plate GR250,6mm CFW SP E48XX,5x2 (70px140g) 35 M20 8.8/S (TI),100
FEP203,SWC 610UB113 (GR300),200mm 10mm Plate GR250,6mm CFW SP E48XX,5x2 (70px140g) 35 M20 8.8/S (TI),100
FEP204,SWC 610UB101 (GR300),200mm 10mm Plate GR250,6mm CFW SP E48XX,5x2 (70px140g) 35 M20 8.8/S (TI),100
FEP205,SWC 530UB92.4 (GR300),200mm 10mm Plate GR250,6mm CFW SP E48XX,5x2 (70px140g) 35 M20 8.8/S (TI),100
FEP206,SWC 530UB82.0 (GR300),200mm 10mm Plate GR250,6mm CFW SP E48XX,5x2 (70px140g) 35 M20 8.8/S (TI),100
FEP207,SWC 460UB82.1 (GR300),150mm 10mm Plate GR250,6mm CFW SP E48XX,5x2 (70px90g) 35 M20 8.8/S (TI),100
FEP208,SWC 460UB74.6 (GR300),150mm 10mm Plate GR250,6mm CFW SP E48XX,5x2 (70px90g) 35 M20 8.8/S (TI),100
FEP209,SWC 460UB67.1 (GR300),150mm 10mm Plate GR250,6mm CFW SP E48XX,5x2 (70px90g) 35 M20 8.8/S (TI),100
FEP210,SWC 530UB92.4 (GR300),200mm 10mm Plate GR250,6mm CFW SP E48XX,4x2 (70px140g) 35 M20 8.8/S (TI),100
FEP211,SWC 530UB82.0 (GR300),200mm 10mm Plate GR250,6mm CFW SP E48XX,4x2 (70px140g) 35 M20 8.8/S (TI),100
FEP212,SWC 460UB82.1 (GR300),150mm 10mm Plate GR250,6mm CFW SP E48XX,4x2 (70px90g) 35 M20 8.8/S (TI),100
FEP213,SWC 460UB74.6 (GR300),150mm 10mm Plate GR250,6mm CFW SP E48XX,4x2 (70px90g) 35 M20 8.8/S (TI),100
FEP214,SWC 460UB67.1 (GR300),150mm 10mm Plate GR250,6mm CFW SP E48XX,4x2 (70px90g) 35 M20 8.8/S (TI),100
FEP215,SWC 410UB59.7 (GR300),150mm 10mm Plate GR250,6mm CFW SP E48XX,4x2 (70px90g) 35 M20 8.8/S (TI),100
FEP216,SWC 410UB53.7 (GR300),150mm 10mm Plate GR250,6mm CFW SP E48XX,4x2 (70px90g) 35 M20 8.8/S (TI),100
FEP217,SWC 380PFC (GR300),150mm 10mm Plate GR250,6mm CFW SP E48XX,4x2 (70px90g) 35 M20 8.8/S (TI),100
FEP218,SWC 410UB59.7 (GR300),150mm 10mm Plate GR250,6mm CFW SP E48XX,3x2 (70px90g) 35 M20 8.8/S (TI),100
FEP219,SWC 410UB53.7 (GR300),150mm 10mm Plate GR250,6mm CFW SP E48XX,3x2 (70px90g) 35 M20 8.8/S (TI),100
FEP220,SWC 380PFC (GR300),150mm 10mm Plate GR250,6mm CFW SP E48XX,3x2 (70px90g) 35 M20 8.8/S (TI),100
FEP221,SWC 360UB56.7 (GR300),150mm 10mm Plate GR250,6mm CFW SP E48XX,3x2 (70px90g) 35 M20 8.8/S (TI),100
FEP222,SWC 360UB50.7 (GR300),150mm 10mm Plate GR250,6mm CFW SP E48XX,3x2 (70px90g) 35 M20 8.8/S (TI),100
FEP223,SWC 360UB44.7 (GR300),150mm 10mm Plate GR250,6mm CFW SP E48XX,3x2 (70px90g) 35 M20 8.8/S (TI),100
FEP224,SWC 310UB46.2 (GR300),150mm 10mm Plate GR250,6mm CFW SP E48XX,3x2 (70px90g) 35 M20 8.8/S (TI),100
FEP225,SWC 310UB40.4 (GR300),150mm 10mm Plate GR250,6mm CFW SP E48XX,3x2 (70px90g) 35 M20 8.8/S (TI),100
FEP226,SWC 310UB32.0 (GR300),150mm 10mm Plate GR250,6mm CFW SP E48XX,3x2 (70px90g) 35 M20 8.8/S (TI),100
FEP227,SWC 300PFC (GR300),150mm 10mm Plate GR250,6mm CFW SP E48XX,3x2 (70px90g) 35 M20 8.8/S (TI),100
FEP228,SWC 310UC158 (GR300),150mm 10mm Plate GR250,6mm CFW SP E48XX,3x2 (70px90g) 35 M20 8.8/S (TI),100
FEP229,SWC 310UC137 (GR300),150mm 10mm Plate GR250,6mm CFW SP E48XX,3x2 (70px90g) 35 M20 8.8/S (TI),100
FEP230,SWC 310UC118 (GR300),150mm 10mm Plate GR250,6mm CFW SP E48XX,3x2 (70px90g) 35 M20 8.8/S (TI),100
FEP231,SWC 310UC96.8 (GR300),150mm 10mm Plate GR250,6mm CFW SP E48XX,3x2 (70px90g) 35 M20 8.8/S (TI),100
FEP232,SWC 250UB37.3 (GR300),150mm 10mm Plate GR250,6mm CFW SP E48XX,2x2 (70px90g) 35 M20 8.8/S (TI),100
FEP233,SWC 250UB31.4 (GR300),150mm 10mm Plate GR250,6mm CFW SP E48XX,2x2 (70px90g) 35 M20 8.8/S (TI),100
FEP234,SWC 250UB25.7 (GR300),150mm 10mm Plate GR250,6mm CFW SP E48XX,2x2 (70px90g) 35 M20 8.8/S (TI),100
FEP235,SWC 250PFC (GR300),150mm 10mm Plate GR250,6mm CFW SP E48XX,2x2 (70px90g) 35 M20 8.8/S (TI),100
FEP236,SWC 250UC89.5 (GR300),150mm 10mm Plate GR250,6mm CFW SP E48XX,2x2 (70px90g) 35 M20 8.8/S (TI),100
FEP237,SWC 250UC72.9 (GR300),150mm 10mm Plate GR250,6mm CFW SP E48XX,2x2 (70px90g) 35 M20 8.8/S (TI),100
FEP238,SWC 200UB29.8 (GR300),150mm 10mm Plate GR250,6mm CFW SP E48XX,2x2 (70px90g) 35 M20 8.8/S (TI),70
FEP239,SWC 200UB25.4 (GR300),150mm 10mm Plate GR250,6mm CFW SP E48XX,2x2 (70px90g) 35 M20 8.8/S (TI),70
FEP240,SWC 200UB22.3 (GR300),150mm 10mm Plate GR250,6mm CFW SP E48XX,2x2 (70px90g) 35 M20 8.8/S (TI),70
FEP241,SWC 200UB18.2 (GR300),150mm 10mm Plate GR250,6mm CFW SP E48XX,2x2 (70px90g) 35 M20 8.8/S (TI),70
FEP242,SWC 230PFC (GR300),150mm 10mm Plate GR250,6mm CFW SP E48XX,2x2 (70px90g) 35 M20 8.8/S (TI),70
FEP243,SWC 200PFC (GR300),150mm 10mm Plate GR250,6mm CFW SP E48XX,2x2 (70px90g) 35 M20 8.8/S (TI),70
FEP244,SWC 200UC59.5 (GR300),150mm 10mm Plate GR250,6mm CFW SP E48XX,2x2 (70px90g) 35 M20 8.8/S (TI),70
FEP245,SWC 200UC52.2 (GR300),150mm 10mm Plate GR250,6mm CFW SP E48XX,2x2 (70px90g) 35 M20 8.8/S (TI),70
FEP246,SWC 200UC46.2 (GR300),150mm 10mm Plate GR250,6mm CFW SP E48XX,2x2 (70px90g) 35 M20 8.8/S (TI),70
FEP247,DWC 1200WB455 (GR300),200mm 10mm Plate GR250,6mm CFW SP E48XX,9x2 (70px140g) 35 M20 8.8/S (TI),100
FEP248,DWC 1200WB423 (GR300),200mm 10mm Plate GR250,6mm CFW SP E48XX,9x2 (70px140g) 35 M20 8.8/S (TI),100
FEP249,DWC 1200WB392 (GR300),200mm 10mm Plate GR250,6mm CFW SP E48XX,9x2 (70px140g) 35 M20 8.8/S (TI),100
FEP250,DWC 1200WB342 (GR300),200mm 10mm Plate GR250,6mm CFW SP E48XX,9x2 (70px140g) 35 M20 8.8/S (TI),100
FEP251,DWC 1200WB317 (GR300),200mm 10mm Plate GR250,6mm CFW SP E48XX,9x2 (70px140g) 35 M20 8.8/S (TI),100
FEP252,DWC 1200WB278 (GR300),200mm 10mm Plate GR250,6mm CFW SP E48XX,9x2 (70px140g) 35 M20 8.8/S (TI),100
FEP253,DWC 1200WB249 (GR300),200mm 10mm Plate GR250,6mm CFW SP E48XX,9x2 (70px140g) 35 M20 8.8/S (TI),100
FEP254,DWC 1000WB322 (GR300),200mm 10mm Plate GR250,6mm CFW SP E48XX,9x2 (70px140g) 35 M20 8.8/S (TI),100
FEP255,DWC 1000WB296 (GR300),200mm 10mm Plate GR250,6mm CFW SP E48XX,9x2 (70px140g) 35 M20 8.8/S (TI),100
FEP256,DWC 1000WB258 (GR300),200mm 10mm Plate GR250,6mm CFW SP E48XX,9x2 (70px140g) 35 M20 8.8/S (TI),100
FEP257,DWC 1000WB215 (GR300),200mm 10mm Plate GR250,6mm CFW SP E48XX,9x2 (70px140g) 35 M20 8.8/S (TI),100
FEP258,DWC 900WB282 (GR300),200mm 10mm Plate GR250,6mm CFW SP E48XX,9x2 (70px140g) 35 M20 8.8/S (TI),100
FEP259,DWC 900WB257 (GR300),200mm 10mm Plate GR250,6mm CFW SP E48XX,9x2 (70px140g) 35 M20 8.8/S (TI),100
FEP260,DWC 900WB218 (GR300),200mm 10mm Plate GR250,6mm CFW SP E48XX,9x2 (70px140g) 35 M20 8.8/S (TI),100
FEP261,DWC 900WB175 (GR300),200mm 10mm Plate GR250,6mm CFW SP E48XX,9x2 (70px140g) 35 M20 8.8/S (TI),100
FEP262,DWC 800WB192 (GR300),200mm 10mm Plate GR250,6mm CFW SP E48XX,9x2 (70px140g) 35 M20 8.8/S (TI),100
FEP263,DWC 800WB168 (GR300),200mm 10mm Plate GR250,6mm CFW SP E48XX,9x2 (70px140g) 35 M20 8.8/S (TI),100
FEP264,DWC 800WB146 (GR300),200mm 10mm Plate GR250,6mm CFW SP E48XX,9x2 (70px140g) 35 M20 8.8/S (TI),100
FEP265,DWC 800WB122 (GR300),200mm 10mm Plate GR250,6mm CFW SP E48XX,9x2 (70px140g) 35 M20 8.8/S (TI),100
FEP266,DWC 1200WB455 (GR300),200mm 10mm Plate GR250,6mm CFW SP E48XX,8x2 (70px140g) 35 M20 8.8/S (TI),100
FEP267,DWC 1200WB423 (GR300),200mm 10mm Plate GR250,6mm CFW SP E48XX,8x2 (70px140g) 35 M20 8.8/S (TI),100
FEP268,DWC 1200WB392 (GR300),200mm 10mm Plate GR250,6mm CFW SP E48XX,8x2 (70px140g) 35 M20 8.8/S (TI),100
FEP269,DWC 1200WB342 (GR300),200mm 10mm Plate GR250,6mm CFW SP E48XX,8x2 (70px140g) 35 M20 8.8/S (TI),100
FEP270,DWC 1200WB317 (GR300),200mm 10mm Plate GR250,6mm CFW SP E48XX,8x2 (70px140g) 35 M20 8.8/S (TI),100
FEP271,DWC 1200WB278 (GR300),200mm 10mm Plate GR250,6mm CFW SP E48XX,8x2 (70px140g) 35 M20 8.8/S (TI),100
FEP272,DWC 1200WB249 (GR300),200mm 10mm Plate GR250,6mm CFW SP E48XX,8x2 (70px140g) 35 M20 8.8/S (TI),100
FEP273,DWC 1000WB322 (GR300),200mm 10mm Plate GR250,6mm CFW SP E48XX,8x2 (70px140g) 35 M20 8.8/S (TI),100
FEP274,DWC 1000WB296 (GR300),200mm 10mm Plate GR250,6mm CFW SP E48XX,8x2 (70px140g) 35 M20 8.8/S (TI),100
FEP275,DWC 1000WB258 (GR300),200mm 10mm Plate GR250,6mm CFW SP E48XX,8x2 (70px140g) 35 M20 8.8/S (TI),100
FEP276,DWC 1000WB215 (GR300),200mm 10mm Plate GR250,6mm CFW SP E48XX,8x2 (70px140g) 35 M20 8.8/S (TI),100
FEP277,DWC 900WB282 (GR300),200mm 10mm Plate GR250,6mm CFW SP E48XX,8x2 (70px140g) 35 M20 8.8/S (TI),100
FEP278,DWC 900WB257 (GR300),200mm 10mm Plate GR250,6mm CFW SP E48XX,8x2 (70px140g) 35 M20 8.8/S (TI),100
FEP279,DWC 900WB218 (GR300),200mm 10mm Plate GR250,6mm CFW SP E48XX,8x2 (70px140g) 35 M20 8.8/S (TI),100
FEP280,DWC 900WB175 (GR300),200mm 10mm Plate GR250,6mm CFW SP E48XX,8x2 (70px140g) 35 M20 8.8/S (TI),100
FEP281,DWC 800WB192 (GR300),200mm 10mm Plate GR250,6mm CFW SP E48XX,8x2 (70px140g) 35 M20 8.8/S (TI),100
FEP282,DWC 800WB168 (GR300),200mm 10mm Plate GR250,6mm CFW SP E48XX,8x2 (70px140g) 35 M20 8.8/S (TI),100
FEP283,DWC 800WB146 (GR300),200mm 10mm Plate GR250,6mm CFW SP E48XX,8x2 (70px140g) 35 M20 8.8/S (TI),100
FEP284,DWC 800WB122 (GR300),200mm 10mm Plate GR250,6mm CFW SP E48XX,8x2 (70px140g) 35 M20 8.8/S (TI),100
FEP285,DWC 700WB173 (GR300),200mm 10mm Plate GR250,6mm CFW SP E48XX,8x2 (70px140g) 35 M20 8.8/S (TI),100
FEP286,DWC 700WB150 (GR300),200mm 10mm Plate GR250,6mm CFW SP E48XX,8x2 (70px140g) 35 M20 8.8/S (TI),100
FEP287,DWC 700WB130 (GR300),200mm 10mm Plate GR250,6mm CFW SP E48XX,8x2 (70px140g) 35 M20 8.8/S (TI),100
FEP288,DWC 700WB115 (GR300),200mm 10mm Plate GR250,6mm CFW SP E48XX,8x2 (70px140g) 35 M20 8.8/S (TI),100
FEP289,DWC 1000WB322 (GR300),200mm 10mm Plate GR250,6mm CFW SP E48XX,7x2 (70px140g) 35 M20 8.8/S (TI),100
FEP290,DWC 1000WB296 (GR300),200mm 10mm Plate GR250,6mm CFW SP E48XX,7x2 (70px140g) 35 M20 8.8/S (TI),100
FEP291,DWC 1000WB258 (GR300),200mm 10mm Plate GR250,6mm CFW SP E48XX,7x2 (70px140g) 35 M20 8.8/S (TI),100
FEP292,DWC 1000WB215 (GR300),200mm 10mm Plate GR250,6mm CFW SP E48XX,7x2 (70px140g) 35 M20 8.8/S (TI),100
FEP293,DWC 900WB282 (GR300),200mm 10mm Plate GR250,6mm CFW SP E48XX,7x2 (70px140g) 35 M20 8.8/S (TI),100
FEP294,DWC 900WB257 (GR300),200mm 10mm Plate GR250,6mm CFW SP E48XX,7x2 (70px140g) 35 M20 8.8/S (TI),100
FEP295,DWC 900WB218 (GR300),200mm 10mm Plate GR250,6mm CFW SP E48XX,7x2 (70px140g) 35 M20 8.8/S (TI),100
FEP296,DWC 900WB175 (GR300),200mm 10mm Plate GR250,6mm CFW SP E48XX,7x2 (70px140g) 35 M20 8.8/S (TI),100
FEP297,DWC 800WB192 (GR300),200mm 10mm Plate GR250,6mm CFW SP E48XX,7x2 (70px140g) 35 M20 8.8/S (TI),100
FEP298,DWC 800WB168 (GR300),200mm 10mm Plate GR250,6mm CFW SP E48XX,7x2 (70px140g) 35 M20 8.8/S (TI),100
FEP299,DWC 800WB146 (GR300),200mm 10mm Plate GR250,6mm CFW SP E48XX,7x2 (70px140g) 35 M20 8.8/S (TI),100
FEP300,DWC 800WB122 (GR300),200mm 10mm Plate GR250,6mm CFW SP E48XX,7x2 (70px140g) 35 M20 8.8/S (TI),100
FEP301,DWC 700WB173 (GR300),200mm 10mm Plate GR250,6mm CFW SP E48XX,7x2 (70px140g) 35 M20 8.8/S (TI),100
FEP302,DWC 700WB150 (GR300),200mm 10mm Plate GR250,6mm CFW SP E48XX,7x2 (70px140g) 35 M20 8.8/S (TI),100
FEP303,DWC 700WB130 (GR300),200mm 10mm Plate GR250,6mm CFW SP E48XX,7x2 (70px140g) 35 M20 8.8/S (TI),100
FEP304,DWC 700WB115 (GR300),200mm 10mm Plate GR250,6mm CFW SP E48XX,7x2 (70px140g) 35 M20 8.8/S (TI),100
FEP305,DWC 610UB125 (GR300),200mm 10mm Plate GR250,6mm CFW SP E48XX,7x2 (70px140g) 35 M20 8.8/S (TI),100
FEP306,DWC 610UB113 (GR300),200mm 10mm Plate GR250,6mm CFW SP E48XX,7x2 (70px140g) 35 M20 8.8/S (TI),100
FEP307,DWC 610UB101 (GR300),200mm 10mm Plate GR250,6mm CFW SP E48XX,7x2 (70px140g) 35 M20 8.8/S (TI),100
FEP308,DWC 800WB192 (GR300),200mm 10mm Plate GR250,6mm CFW SP E48XX,6x2 (70px140g) 35 M20 8.8/S (TI),100
FEP309,DWC 800WB168 (GR300),200mm 10mm Plate GR250,6mm CFW SP E48XX,6x2 (70px140g) 35 M20 8.8/S (TI),100
FEP310,DWC 800WB146 (GR300),200mm 10mm Plate GR250,6mm CFW SP E48XX,6x2 (70px140g) 35 M20 8.8/S (TI),100
FEP311,DWC 800WB122 (GR300),200mm 10mm Plate GR250,6mm CFW SP E48XX,6x2 (70px140g) 35 M20 8.8/S (TI),100
FEP312,DWC 700WB173 (GR300),200mm 10mm Plate GR250,6mm CFW SP E48XX,6x2 (70px140g) 35 M20 8.8/S (TI),100
FEP313,DWC 700WB150 (GR300),200mm 10mm Plate GR250,6mm CFW SP E48XX,6x2 (70px140g) 35 M20 8.8/S (TI),100
FEP314,DWC 700WB130 (GR300),200mm 10mm Plate GR250,6mm CFW SP E48XX,6x2 (70px140g) 35 M20 8.8/S (TI),100
FEP315,DWC 700WB115 (GR300),200mm 10mm Plate GR250,6mm CFW SP E48XX,6x2 (70px140g) 35 M20 8.8/S (TI),100
FEP316,DWC 610UB125 (GR300),200mm 10mm Plate GR250,6mm CFW SP E48XX,6x2 (70px140g) 35 M20 8.8/S (TI),100
FEP317,DWC 610UB113 (GR300),200mm 10mm Plate GR250,6mm CFW SP E48XX,6x2 (70px140g) 35 M20 8.8/S (TI),100
FEP318,DWC 610UB101 (GR300),200mm 10mm Plate GR250,6mm CFW SP E48XX,6x2 (70px140g) 35 M20 8.8/S (TI),100
FEP319,DWC 530UB92.4 (GR300),200mm 10mm Plate GR250,6mm CFW SP E48XX,6x2 (70px140g) 35 M20 8.8/S (TI),100
FEP320,DWC 530UB82.0 (GR300),200mm 10mm Plate GR250,6mm CFW SP E48XX,6x2 (70px140g) 35 M20 8.8/S (TI),100
FEP321,DWC 700WB173 (GR300),200mm 10mm Plate GR250,6mm CFW SP E48XX,5x2 (70px140g) 35 M20 8.8/S (TI),100
FEP322,DWC 700WB150 (GR300),200mm 10mm Plate GR250,6mm CFW SP E48XX,5x2 (70px140g) 35 M20 8.8/S (TI),100
FEP323,DWC 700WB130 (GR300),200mm 10mm Plate GR250,6mm CFW SP E48XX,5x2 (70px140g) 35 M20 8.8/S (TI),100
FEP324,DWC 700WB115 (GR300),200mm 10mm Plate GR250,6mm CFW SP E48XX,5x2 (70px140g) 35 M20 8.8/S (TI),100
FEP325,DWC 610UB125 (GR300),200mm 10mm Plate GR250,6mm CFW SP E48XX,5x2 (70px140g) 35 M20 8.8/S (TI),100
FEP326,DWC 610UB113 (GR300),200mm 10mm Plate GR250,6mm CFW SP E48XX,5x2 (70px140g) 35 M20 8.8/S (TI),100
FEP327,DWC 610UB101 (GR300),200mm 10mm Plate GR250,6mm CFW SP E48XX,5x2 (70px140g) 35 M20 8.8/S (TI),100
FEP328,DWC 530UB92.4 (GR300),200mm 10mm Plate GR250,6mm CFW SP E48XX,5x2 (70px140g) 35 M20 8.8/S (TI),100
FEP329,DWC 530UB82.0 (GR300),200mm 10mm Plate GR250,6mm CFW SP E48XX,5x2 (70px140g) 35 M20 8.8/S (TI),100
FEP330,DWC 460UB82.1 (GR300),150mm 10mm Plate GR250,6mm CFW SP E48XX,5x2 (70px90g) 35 M20 8.8/S (TI),100
FEP331,DWC 460UB74.6 (GR300),150mm 10mm Plate GR250,6mm CFW SP E48XX,5x2 (70px90g) 35 M20 8.8/S (TI),100
FEP332,DWC 460UB67.1 (GR300),150mm 10mm Plate GR250,6mm CFW SP E48XX,5x2 (70px90g) 35 M20 8.8/S (TI),100
FEP333,DWC 530UB92.4 (GR300),200mm 10mm Plate GR250,6mm CFW SP E48XX,4x2 (70px140g) 35 M20 8.8/S (TI),100
FEP334,DWC 530UB82.0 (GR300),200mm 10mm Plate GR250,6mm CFW SP E48XX,4x2 (70px140g) 35 M20 8.8/S (TI),100
FEP335,DWC 460UB82.1 (GR300),150mm 10mm Plate GR250,6mm CFW SP E48XX,4x2 (70px90g) 35 M20 8.8/S (TI),100
FEP336,DWC 460UB74.6 (GR300),150mm 10mm Plate GR250,6mm CFW SP E48XX,4x2 (70px90g) 35 M20 8.8/S (TI),100
FEP337,DWC 460UB67.1 (GR300),150mm 10mm Plate GR250,6mm CFW SP E48XX,4x2 (70px90g) 35 M20 8.8/S (TI),100
FEP338,DWC 410UB59.7 (GR300),150mm 10mm Plate GR250,6mm CFW SP E48XX,4x2 (70px90g) 35 M20 8.8/S (TI),100
FEP339,DWC 410UB53.7 (GR300),150mm 10mm Plate GR250,6mm CFW SP E48XX,4x2 (70px90g) 35 M20 8.8/S (TI),100
FEP340,DWC 380PFC (GR300),150mm 10mm Plate GR250,6mm CFW SP E48XX,4x2 (70px90g) 35 M20 8.8/S (TI),100
FEP341,DWC 410UB59.7 (GR300),150mm 10mm Plate GR250,6mm CFW SP E48XX,3x2 (70px90g) 35 M20 8.8/S (TI),100
FEP342,DWC 410UB53.7 (GR300),150mm 10mm Plate GR250,6mm CFW SP E48XX,3x2 (70px90g) 35 M20 8.8/S (TI),100
FEP343,DWC 380PFC (GR300),150mm 10mm Plate GR250,6mm CFW SP E48XX,3x2 (70px90g) 35 M20 8.8/S (TI),100
FEP344,DWC 360UB56.7 (GR300),150mm 10mm Plate GR250,6mm CFW SP E48XX,3x2 (70px90g) 35 M20 8.8/S (TI),100
FEP345,DWC 360UB50.7 (GR300),150mm 10mm Plate GR250,6mm CFW SP E48XX,3x2 (70px90g) 35 M20 8.8/S (TI),100
FEP346,DWC 360UB44.7 (GR300),150mm 10mm Plate GR250,6mm CFW SP E48XX,3x2 (70px90g) 35 M20 8.8/S (TI),100
FEP347,DWC 310UB46.2 (GR300),150mm 10mm Plate GR250,6mm CFW SP E48XX,3x2 (70px90g) 35 M20 8.8/S (TI),100
FEP348,DWC 310UB40.4 (GR300),150mm 10mm Plate GR250,6mm CFW SP E48XX,3x2 (70px90g) 35 M20 8.8/S (TI),100
FEP349,DWC 310UB32.0 (GR300),150mm 10mm Plate GR250,6mm CFW SP E48XX,3x2 (70px90g) 35 M20 8.8/S (TI),100
FEP350,DWC 300PFC (GR300),150mm 10mm Plate GR250,6mm CFW SP E48XX,3x2 (70px90g) 35 M20 8.8/S (TI),100
FEP351,DWC 310UC158 (GR300),150mm 10mm Plate GR250,6mm CFW SP E48XX,3x2 (70px90g) 35 M20 8.8/S (TI),100
FEP352,DWC 310UC137 (GR300),150mm 10mm Plate GR250,6mm CFW SP E48XX,3x2 (70px90g) 35 M20 8.8/S (TI),100
FEP353,DWC 310UC118 (GR300),150mm 10mm Plate GR250,6mm CFW SP E48XX,3x2 (70px90g) 35 M20 8.8/S (TI),100
FEP354,DWC 310UC96.8 (GR300),150mm 10mm Plate GR250,6mm CFW SP E48XX,3x2 (70px90g) 35 M20 8.8/S (TI),100
FEP355,DWC 250UB37.3 (GR300),150mm 10mm Plate GR250,6mm CFW SP E48XX,2x2 (70px90g) 35 M20 8.8/S (TI),100
FEP356,DWC 250UB31.4 (GR300),150mm 10mm Plate GR250,6mm CFW SP E48XX,2x2 (70px90g) 35 M20 8.8/S (TI),100
FEP357,DWC 250UB25.7 (GR300),150mm 10mm Plate GR250,6mm CFW SP E48XX,2x2 (70px90g) 35 M20 8.8/S (TI),100
FEP358,DWC 250PFC (GR300),150mm 10mm Plate GR250,6mm CFW SP E48XX,2x2 (70px90g) 35 M20 8.8/S (TI),100
FEP359,DWC 250UC89.5 (GR300),150mm 10mm Plate GR250,6mm CFW SP E48XX,2x2 (70px90g) 35 M20 8.8/S (TI),100
FEP360,DWC 250UC72.9 (GR300),150mm 10mm Plate GR250,6mm CFW SP E48XX,2x2 (70px90g) 35 M20 8.8/S (TI),100
FEP361,DWC 200UB29.8 (GR300),150mm 10mm Plate GR250,6mm CFW SP E48XX,2x2 (70px90g) 35 M20 8.8/S (TI),70
FEP362,DWC 200UB25.4 (GR300),150mm 10mm Plate GR250,6mm CFW SP E48XX,2x2 (70px90g) 35 M20 8.8/S (TI),70
FEP363,DWC 200UB22.3 (GR300),150mm 10mm Plate GR250,6mm CFW SP E48XX,2x2 (70px90g) 35 M20 8.8/S (TI),70
FEP364,DWC 200UB18.2 (GR300),150mm 10mm Plate GR250,6mm CFW SP E48XX,2x2 (70px90g) 35 M20 8.8/S (TI),70
FEP365,DWC 230PFC (GR300),150mm 10mm Plate GR250,6mm CFW SP E48XX,2x2 (70px90g) 35 M20 8.8/S (TI),70
FEP366,DWC 200PFC (GR300),150mm 10mm Plate GR250,6mm CFW SP E48XX,2x2 (70px90g) 35 M20 8.8/S (TI),70
FEP367,DWC 200UC59.5 (GR300),150mm 10mm Plate GR250,6mm CFW SP E48XX,2x2 (70px90g) 35 M20 8.8/S (TI),70
FEP368,DWC 200UC52.2 (GR300),150mm 10mm Plate GR250,6mm CFW SP E48XX,2x2 (70px90g) 35 M20 8.8/S (TI),70
FEP369,DWC 200UC46.2 (GR300),150mm 10mm Plate GR250,6mm CFW SP E48XX,2x2 (70px90g) 35 M20 8.8/S (TI),70
